,Brand,Current Price,Original Price,Discount Percentage,Rating,Number OF Ratings,Model Name,Dial Shape,Strap Color,Strap Material,Touchscreen,Battery Life (Days),Bluetooth,Display Size,Weight
0,noise,82990,89900,7.686318131,4,65,Wrb-sw-colorfitpro4alpha-std-rgld_pnk,,,,,8,Yes,,35 - 50 g
1,fire-boltt,3799,16999,77.65162657,4.3,20788,BSW046,,,Silicon,Yes,3.5,Yes,1.8 inches,50 - 75 g
2,boat,1999,7990,74.98122653,3.8,21724,Wave Call,,,Silicon,Yes,8,Yes,1.7 inches,35 - 50 g
3,fire-boltt,1799,19999,91.00455023,4.3,13244,BSW053,,,Silicon,Yes,3.5,Yes,1.8 inches,75g +
4,noise,1599,4999,68.01360272,4.1,13901,Wrb-sw-colorfitpulsegobuzz-std-blk_blk,,,Other,Yes,8,Yes,1.7 inches,35 - 50 g
5,noise,1499,3999,62.51562891,4,32704,NSW-05,,,Other,Yes,8,Yes,1.7 inches,35 - 50 g
6,noise,1999,4999,60.0120024,4.1,1018,,,,,,,Yes,1.4 inches,35 - 50 g
7,noise,1799,3999,55.01375344,4,32704,wrb-sw-colorfitgrand-std-rpnk_rpnk,,,Other,Yes,8,Yes,1.7 inches,35 - 50 g
8,noise,1999,6499,69.24142176,4.1,39479,Wrb-sw-colorfitultrase-std-gld_brn,,,Other,Yes,8,Yes,1.8 inches,35 - 50 g
9,noise,1999,5999,66.67777963,4.1,39479,Wrb-sw-colorfitultra-std-gry_blk,,,Other,Yes,8,Yes,1.8 inches,35 - 50 g
10,noise,1999,5999,66.67777963,4.1,8765,Wrb-sw-colorfitpulse2max-std-blk_blk,,,Other,Yes,8,Yes,1.9 inches,35 - 50 g
11,noise,1799,3999,55.01375344,4,32704,wrb-sw-colorfitgrand-std-grn_grn,,,Other,Yes,8,Yes,1.7 inches,35 - 50 g
12,noise,3799,7999,52.50656332,3.8,545,Wrb-sw-colorfitpro4alpha-std-blk_blk,,,,,8,Yes,,35 - 50 g
13,noise,3499,5999,41.67361227,3.8,281,Wrb-sw-force-std-blk_blk,,,,,8,Yes,,35 - 50 g
14,noise,1999,5999,66.67777963,4.1,9081,wrb-sw-colorfitultrabuzz-std-ogrn_ogrn,,,Other,Yes,,Yes,1.8 inches,35 - 50 g
15,noise,1499,4999,70.0140028,4,93075,wrb-sw-colorfitpro2-std-blk,,,Polycarbonate,Yes,3.6,Yes,1.3 inches,20 - 35 g
16,noise,1799,4999,64.01280256,4.1,13901,Wrb-sw-colorfitpulsegobuzz-std-gry_gry,,,Other,Yes,8,Yes,1.7 inches,35 - 50 g
17,noise,1999,5999,66.67777963,4.1,8765,Wrb-sw-colorfitpulse2max-std-blu_blu,,,Other,Yes,8,Yes,1.9 inches,35 - 50 g
18,noise,1999,5999,66.67777963,4.1,9081,wrb-sw-colorfitultrabuzz-std-blk_blk,,,Other,Yes,,Yes,1.8 inches,35 - 50 g
19,noise,2499,5999,58.34305718,3.5,227,,,,,,,Yes,1.3 inches,35 - 50 g
20,noise,1799,3999,55.01375344,4,32704,wrb-sw-colorfitgrand-std-blu_blu,,,Other,Yes,8,Yes,1.7 inches,35 - 50 g
21,noise,2999,5999,50.00833472,4.1,5866,Wrb-sw-colorfitpro4-std-slvr_org,,,Other,Yes,,Yes,1.7 inches,35 - 50 g
22,boat,2699,7990,66.22027534,4.2,71481,,,,Silicon,Yes,8,Yes,1.7 inches,50 - 75 g
23,boat,2499,7990,68.72340426,4.2,71481,8.90E+12,,,Silicon,Yes,8,Yes,,50 - 75 g
24,boat,1999,7990,74.98122653,3.8,21724,Wave Call,,,Silicon,Yes,8,Yes,1.7 inches,35 - 50 g
25,boat,1199,6990,82.84692418,4,27771,Watch Flash,,,Silicon,Yes,8,Yes,1.3 inches,50 - 75 g
26,boat,1799,6990,74.26323319,3.9,2931,Watch Blaze,,,Metal,Yes,8,Yes,1.8 inches,35 - 50 g
27,boat,1999,7990,74.98122653,3.8,21724,Wave Call,,,Silicon,Yes,8,Yes,1.7 inches,35 - 50 g
28,boat,2599,7990,67.4718398,4.2,71481,8.90E+12,,,Silicon,Yes,8,Yes,,75g +
29,boat,1999,7990,74.98122653,3.6,827,,,,,,8,Yes,,35 - 50 g
30,boat,1999,7990,74.98122653,3.6,827,,,,,,8,Yes,,75g +
31,boat,1199,6990,82.84692418,4,27771,Watch Flash,,,Silicon,Yes,8,Yes,1.3 inches,50 - 75 g
32,noise,1799,4999,64.01280256,4,69803,Wrb-sw-colorfitpulse2-std-blu_blu,,,Other,Yes,,Yes,1.8 inches,35 - 50 g
33,boat,1699,6990,75.69384835,3.9,23498,Wave Lite,,,Stainless Steel,Yes,8,Yes,1.7 inches,35 - 50 g
34,noise,1799,4999,64.01280256,4.1,13901,wrb-sw-colorfitpulsegobuzz-std-grn_grn,,,Other,Yes,8,Yes,1.7 inches,35 - 50 g
35,boat,1199,6990,82.84692418,4,27771,Watch Flash,,,Silicon,Yes,8,Yes,1.3 inches,50 - 75 g
36,boat,1449,5990,75.8096828,3.9,3944,,,,,,,Yes,1.7 inches,35 - 50 g
37,boat,1899,6499,70.78012002,3.7,328,,,,,Yes,8,Yes,1.7 inches,35 - 50 g
38,boat,2199,7999,72.50906363,,,BoAt Wave Call Plus,,,,Yes,,Yes,1.8 inches,75g +
39,honor,11499,18999,39.47576188,3.9,406,MUS-B19,,,,Yes,12.5,Yes,1.4 inches,35 - 50 g
40,honor,2199,1868,-17.71948608,4.1,181,ARG-B39-cr,,,,Yes,3.5,Yes,1.5 inches,<= 20 g
41,honor,11499,9773,-17.66090249,4.2,20,MUS-B19-cr,,,,Yes,12.5,Yes,1.4 inches,35 - 50 g
42,honor,14999,12499,-20.00160013,3.9,100,Talos-B19S-cr,,,Other,,0.75,Yes,1.2 inches,75g +
43,crossbeats,2999,9999,70.0070007,4.3,674,Grit,,,,Yes,12.5,Yes,1.8 inches,20 - 35 g
44,honor,8999,14999,40.00266684,4.4,7792,,,,,,,Yes,1.4 inches,35 - 50 g
45,crossbeats,5999,14999,60.00400027,4.3,996,Infinti 2.0,,,,Yes,8,Yes,1.4 inches,20 - 35 g
46,honor,8999,7473,-20.42017931,4.1,323,Minos-B19S-cr,,,Other,Yes,0.75,Yes,1.4 inches,75g +
47,samsung,11999,30990,61.28105841,4.1,72,,,,,,,Yes,,35 - 50 g
48,samsung,18410,37999,51.55135661,4.3,5228,,,,,,3.6,Yes,4.6 inches,50 - 75 g
49,samsung,,,,4.3,5228,,,,,,3.6,Yes,4.4 inches,20 - 35 g
50,samsung,17999,19990,9.95997999,4.3,5228,,,,,,3.6,Yes,4.4 inches,20 - 35 g
51,samsung,18000,34999,48.56995914,4.3,5228,,,,,,,Yes,,75g +
52,garmin,16990,22490,24.45531347,4.3,312,GM-010-02427-80,,,Silicon,Yes,22,Yes,1.3 inches,35 - 50 g
53,garmin,27990,36490,23.29405317,4.5,4339,,,,,,,,,<= 20 g
54,garmin,,,,3.7,6,,,,,Yes,22,Yes,35.9 inches,35 - 50 g
55,garmin,18990,27990,32.15434084,4.3,19,,,,,,,,,<= 20 g
56,garmin,,,,5,1,,,,,Yes,22,Yes,35.9 inches,35 - 50 g
57,garmin,34990,51990,32.69859588,4.3,19,GM-010-02445-60,,,Carbon-Fiber;,,8,Yes,,35 - 50 g
58,garmin,,,,3.8,38,7.54E+11,,,Stainless Steel,Yes,8,Yes,30.0 inches,75g +
59,garmin,20990,25990,19.23816853,4.3,127,,,,,,,,,<= 20 g
60,garmin,18990,20490,7.320644217,3.5,7,,,,,,,,,
61,garmin,78490,89460,12.26246367,4.4,6,,,,,,,,,<= 20 g
62,huawei,26581,42513,37.4755957,4.7,830,,,,,,,Yes,1.4 inches,35 - 50 g
63,huawei,16499,29999,45.00150005,4.7,7108,,,,,,,Yes,1.4 inches,35 - 50 g
64,huawei,6400,11999,46.66222185,4.5,49,Leia-B19,,,,,8,Yes,0.5 inches,75g +
65,noise,3799,7999,52.50656332,3.8,545,Wrb-sw-colorfitpro4alpha-std-slvr_gry,,,,,8,Yes,,35 - 50 g
66,dizo,2126,5999,64.56076013,3.7,18,,,,,Yes,8,Yes,1.9 inches,20 - 35 g
67,dizo,2126,5999,64.56076013,3.7,18,,,,,Yes,8,Yes,1.9 inches,20 - 35 g
68,dizo,2999,1669,-79.68843619,4,2,,,,,,,Yes,,75g +
69,dizo,,,,2.4,7,,,,,,,Yes,,75g +
70,dizo,2126,5999,64.56076013,3.7,18,,,,,Yes,8,Yes,1.9 inches,20 - 35 g
71,fire-boltt,,,,4.3,39274,BSW049,,,Silicon,Yes,3.5,Yes,1.3 inches,35 - 50 g
72,dizo,4299,6999,38.57693956,2.5,2,,,,,,8,Yes,,75g +
73,fire-boltt,1299,9999,87.00870087,4.2,25784,BSW030,,,Silicon,Yes,8,Yes,1.7 inches,35 - 50 g
74,fire-boltt,1799,9999,82.00820082,4.2,33415,BSW042,,,Silicon,Yes,8,Yes,1.3 inches,50 - 75 g
75,noise,1799,4999,64.01280256,4.1,13901,wrb-sw-colorfitpulsegobuzz-std-rgld_pnk,,,Other,Yes,8,Yes,1.7 inches,35 - 50 g
76,gizmore,1699,5499,69.10347336,2.7,10,,,,,,,Yes,,75g +
77,gizmore,1599,5999,73.34555759,4.3,37,GIZFIT 908 Pro_Black,,,,Yes,12.5,Yes,1.7 inches,75g +
78,gizmore,1499,5999,75.01250208,,,Gizmore Ultra smartwatch-cr,,,,,,Yes,,75g +
79,gizmore,1699,7999,78.75984498,2,5,,,,,Yes,,Yes,1.7 inches,50 - 75 g
80,gizmore,3299,5999,45.00750125,4,102,Gizfit 910,,,,Yes,8,Yes,1.3 inches,75g +
81,gizmore,1499,5999,75.01250208,3,2,,,,,,,Yes,,75g +
82,gizmore,3299,5999,45.00750125,4,102,910,,,Plastic,Yes,12.5,Yes,1.3 inches,75g +
83,gizmore,1699,5499,69.10347336,2.5,3,Gizfit Blaze Smartwatch-cr,,,,,,Yes,,75g +
84,ambrane,2368,4499,47.36608135,3.5,301,FitShot Curl,,,,,12.5,Yes,,35 - 50 g
85,ambrane,2199,4999,56.01120224,3.9,256,FitShot Sphere,,,,Yes,8,Yes,,35 - 50 g
86,fire-boltt,1799,2199,18.1900864,4.3,39274,BSW049,,,Silicon,Yes,3.5,Yes,1.3 inches,35 - 50 g
87,fire-boltt,1999,7999,75.00937617,4.1,33012,BSW024,,,Silicon,Yes,8,Yes,1.7 inches,35 - 50 g
88,zebronics,1799,6499,72.31881828,3.8,2138,ZEB-DRIP,,,,Yes,3.5,Yes,4.3 inches,35 - 50 g
89,noise,1799,3999,55.01375344,4,32704,wrb-sw-colorfitgrand-std-cgry_cgry,,,Other,Yes,8,Yes,1.7 inches,35 - 50 g
90,pebble,2999,6999,57.15102157,3.8,3563,PFB22 Mint Green,,,,Yes,8,Yes,1.8 inches,75g +
91,pebble,4499,7499,40.00533404,3.6,94,PFB13 Charcoal Black,,,,Yes,12.5,Yes,1.3 inches,35 - 50 g
92,pebble,,,,3.6,725,PFB16 Black Rock,,,,Yes,12.5,Yes,1.3 inches,50 - 75 g
93,pebble,4299,7499,42.67235631,3.6,55,PFB24,,,,Yes,,Yes,1.1 inches,35 - 50 g
94,crossbeats,3999,11999,66.67222269,3.9,3856,S4 Max,,,,Yes,3.6,Yes,1.9 inches,20 - 35 g
95,crossbeats,3999,7999,50.00625078,3.9,3856,S4 Max,,,,Yes,3.6,Yes,1.9 inches,20 - 35 g
96,fire-boltt,2499,9999,75.00750075,4.1,2571,BSW072,,,,Yes,8,Yes,2.0 inches,75g +
97,hammer,1799,4999,64.01280256,3.6,516,,,,,,,Yes,1.8 inches,75g +
98,zebronics,2099,7999,73.7592199,3.8,7386,ZEB-FIT7220CH (Metallic Silver),,,Metal,Yes,8,Yes,4.4 inches,75g +
99,zebronics,1999,3999,50.01250313,3.8,2452,Zeb-Fit280CH(Blue),,,Other,Yes,8,Yes,3.5 inches,75g +
100,zebronics,2449,8499,71.18484528,3.9,207,,,,,Yes,8,Yes,,35 - 50 g
101,zebronics,1399,3999,65.01625406,4,311,,,,,,,Yes,4.3 inches,35 - 50 g
102,zebronics,1799,6499,72.31881828,3.8,2138,ZEB-DRIP (BLUE),,,,,3.5,Yes,,35 - 50 g
103,zebronics,3499,11499,69.57126707,4.2,52,ZEB FIT 4 - BLACK (ICONIC ULTRA),,,,Yes,0.75,Yes,1.8 inches,50 - 75 g
104,zebronics,3599,10999,67.27884353,3.9,1611,ZEB - COSMOS Lv1 - METALLIC BLACK,,,,Yes,8,Yes,4.5 inches,50 - 75 g
105,zebronics,1999,6999,71.43877697,3.8,2138,ZEB-DRIP (METAL SILVER),,,,Yes,3.5,Yes,4.3 inches,35 - 50 g
106,zebronics,2399,5999,60.01000167,3.8,3805,ZEB-FIT5220CH(Gold Metal),,,Other,Yes,22,Yes,4.4 inches,35 - 50 g
107,zebronics,,,,3.5,100,ZEB-FIT7220CH (Metallic Silver)-cr,,,,Yes,8,Yes,4.4 inches,75g +
108,zebronics,3599,10999,67.27884353,3.9,1611,ZEB - COSMOS Lv1 CLASSIC BLACK,,,,Yes,8,Yes,4.5 inches,50 - 75 g
109,fire-boltt,1299,7999,83.76047006,4.2,25784,BSW030,,,Silicon,Yes,8,Yes,1.7 inches,35 - 50 g
110,fire-boltt,2499,11999,79.17326444,4.1,1990,BSW070,,,,Yes,8,Yes,1.9 inches,75g +
111,fire-boltt,1799,9999,82.00820082,4.2,33415,BSW042,,,Silicon,Yes,8,Yes,1.3 inches,50 - 75 g
112,fire-boltt,2499,9999,75.00750075,4.2,23302,BSW043,,,Silicon,Yes,3.5,Yes,1.8 inches,50 - 75 g
113,fire-boltt,2499,9999,75.00750075,4.2,23302,BSW043,,,Silicon,Yes,3.5,Yes,1.8 inches,50 - 75 g
114,fire-boltt,1794,7999,77.57219652,4.1,33012,BSW024,,,Silicon,Yes,8,Yes,1.7 inches,35 - 50 g
115,fire-boltt,3499,11999,70.8392366,4.1,44170,BSW005,,,Silicon,Yes,3.5,Yes,1.9 inches,75g +
116,fire-boltt,2499,18999,86.84667614,4.2,11,BSW073,,,,Yes,3.5,Yes,1.9 inches,75g +
117,fire-boltt,2499,11999,79.17326444,4.1,1990,BSW070,,,,Yes,8,Yes,1.9 inches,75g +
118,fire-boltt,1399,11999,88.34069506,4.1,1519,BSW037,,,Silicon,Yes,8,Yes,1.8 inches,75g +
119,fire-boltt,1899,8999,78.8976553,4,15543,BSW003,,,Silicon,Yes,8,Yes,1.3 inches,50 - 75 g
120,fire-boltt,1999,7999,75.00937617,4.1,33012,BSW024,,,Silicon,Yes,8,Yes,1.7 inches,35 - 50 g
121,fire-boltt,1799,11999,85.00708392,4.3,39274,BSW100,,,,Yes,3.5,Yes,1.4 inches,75g +
122,apple,29650,29900,0.836120401,4.5,154,Watch SE GPS (2nd Gen),Rectangle,Midnight,Silicon,Yes,22,Yes,1.6 inches,<= 20 g
123,apple,37900,,,4.4,65,Watch SE GPS + Cellular (2nd Gen),Rectangle,Starlight Sport,Silicon,Yes,22,Yes,1.7 inches,<= 20 g
124,apple,23349,23900,2.305439331,4.6,55800,"Watch Series 3 (GPS, 42mm) - Space Grey Aluminium Case with Black Sport Band",Rectangle,Black,Silicon,Yes,22,Yes,1.7 inches,
125,apple,33900,,,4.6,3440,Watch SE GPS + Cellular,Rectangle,Pink,Silicon,Yes,22,Yes,1.6 inches,<= 20 g
126,apple,89900,,,4.7,51,Watch Ultra GPS + Cellular,Rectangle,Orange Alpine,Fabric,Yes,3.5,Yes,1.9 inches,75g +
127,apple,55900,,,4.5,132,Watch Series 8 GPS + Cellular,Rectangle,Starlight Sport,Silicon,Yes,22,Yes,1.6 inches,<= 20 g
128,apple,44730,44900,0.378619154,4.6,2847,"Watch Series7 (GPS, 45mm) - Green Aluminium Case with Clover Sport Band",Rectangle,Green,Aluminium,Yes,22,Yes,1.8 inches,20 - 35 g
129,apple,41900,,,4.6,2847,"Watch Series7 (GPS, 41mm) - Green Aluminium Case with Clover Sport Band",Rectangle,Green,Aluminium,Yes,22,Yes,1.6 inches,<= 20 g
130,apple,29900,,,4.6,5502,"Watch SE (GPS, 40mm) - Gold Aluminium Case with Starlight Sport Band - Regular",Rectangle,Gold,Silicon,Yes,22,Yes,1.6 inches,<= 20 g
131,apple,49666,50900,2.424361493,4.5,1519,"Watch Series7 (GPS + Cellular, 41mm)Blue Aluminium Case-Abyss Blue Sport Band",Rectangle,Blue,Aluminium,Yes,22,Yes,1.6 inches,<= 20 g
132,apple,53900,,,4.5,1519,"Watch Series7 (GPS + Cellular, 45mm)Blue Aluminium Case-Abyss Blue Sport Band",Rectangle,Blue,Aluminium,Yes,22,Yes,1.8 inches,20 - 35 g
133,apple,49900,,,4.5,1349,Watch Series 6 GPS + Cellular,Rectangle,Black,Silicon,Yes,22,Yes,1.6 inches,20 - 35 g
134,apple,48900,,,4.3,158,Watch Series 8 GPS,Rectangle,Starlight Sport,Silicon,Yes,22,Yes,1.8 inches,20 - 35 g
135,apple,29900,,,4.6,5502,"Watch SE(GPS, 40mm) - Silver Aluminium Case with Abyss Blue Sport Band - Regular",Rectangle,Silver,Silicon,Yes,22,Yes,1.6 inches,<= 20 g
136,apple,29900,,,4.6,5502,Apple Watch SE,Rectangle,White,Silicon,Yes,22,Yes,1.6 inches,<= 20 g
137,apple,32899,32900,0.003039514,4.6,5502,"Watch SE (GPS, 44mm) - Space Grey Aluminium Case with Midnight Sport Band",Rectangle,Grey,Silicon,Yes,22,Yes,1.7 inches,20 - 35 g
138,apple,22900,23900,4.184100418,4.6,55800,"Watch Series 3 (GPS, 42mm) - Silver Aluminium Case with White Sport Band",Rectangle,White,Silicon,Yes,22,Yes,1.7 inches,
139,apple,41900,,,4.6,2847,"Watch Series7 (GPS, 41mm) - Midnight Aluminium Case with Midnight Sport Band",Rectangle,Black,Aluminium,Yes,22,Yes,1.6 inches,<= 20 g
140,apple,53900,,,4.5,1519,Watch Series7 (GPS+Cellular-45mm)Green Aluminium Case-Clover Sport Band,Rectangle,Green,Aluminium,Yes,22,Yes,1.8 inches,20 - 35 g
141,apple,44900,,,4.6,2847,Watch Series7 (GPS-45mm) (PRODUCT)RED Aluminium Case-(PRODUCT)RED Sport Band,Rectangle,Red,Aluminium,Yes,22,Yes,1.8 inches,20 - 35 g
142,apple,44900,,,4.6,2847,"Watch Series7 (GPS, 45mm) - Blue Aluminium Case with Abyss Blue Sport Band",Rectangle,Blue,Aluminium,Yes,22,Yes,1.8 inches,20 - 35 g
143,apple,41900,,,4.6,2847,"Watch Series7 (GPS, 41mm) - Blue Aluminium Case with Abyss Blue Sport Band",Rectangle,Blue,Aluminium,Yes,22,Yes,1.6 inches,<= 20 g
144,apple,40900,,,4.5,1720,Watch Series 6 GPS,Rectangle,Black,Silicon,Yes,22,Yes,1.6 inches,20 - 35 g
145,apple,41900,,,4.6,2847,"Watch Series7 (GPS, 41mm) - Starlight Aluminium Case with Starlight Sport Band",Rectangle,White,Aluminium,Yes,22,Yes,1.6 inches,<= 20 g
146,apple,32900,,,4.6,5502,"Watch SE (GPS, 44mm) - Gold Aluminium Case with Starlight Sport Band - Regular",Rectangle,Gold,Silicon,Yes,22,Yes,1.7 inches,20 - 35 g
147,apple,73900,,,4.5,1519,"Watch Series7(GPS+Cellular, 41mm)-Gold Stainless Steel Case-Gold Milanese Loop",Rectangle,Gold,Stainless Steel,Yes,22,Yes,1.6 inches,<= 20 g
148,noise,1999,5999,66.67777963,4.2,80483,"ColorFit Icon 2 1.8 Display, Bluetooth Calling, AI Voice Assistance",Rectangle,Black,Silicon,Yes,22,Yes,1.8 inches,
149,noise,1299,3999,67.51687922,4.2,27445,"ColorFit Caliber Go with 1.69 inch HD Display, 40 Sports Modes, 150+ Watch Faces",Square,Black,Silicon,Yes,22,Yes,1.7 inches,
150,noise,1799,4999,64.01280256,4.2,219512,"Icon Buzz BT Calling with 1.69"" display , AI Voice Assistance, Built-In Games",Rectangle,Black,Silicon,Yes,22,Yes,1.7 inches,
151,noise,1499,4999,70.0140028,3.4,504,"ColorFit Caliber 2 with 1.83'' display Up to 12 Day Battery, 60 sports mode",Rectangle,Green,Silicon,Yes,8,Yes,1.8 inches,
152,noise,1599,4999,68.01360272,4.3,4398,"Caliber Buzz Advanced BT Calling(True Sync), 1.69"" display, 500 NITS Brightness",Rectangle,Green,Silicon,Yes,22,Yes,1.7 inches,
153,noise,1499,3999,62.51562891,4.2,275607,"ColorFit Caliber Smart Watch with 15-day battery, 1.69"" display, 60 Sports Modes",Square,White,Silicon,Yes,8,Yes,1.7 inches,
154,noise,3999,6999,42.86326618,4.4,12469,"Evolve 3, 1.43"" AMOLED AOD, 466*466px, 500 nits, BT calling,Tru Sync Technology",Circle,Black,Silicon,Yes,22,Yes,1.4 inches,
155,noise,2999,7999,62.50781348,4.3,11755,ColorFit Vision 2 Buzz,Square,Black,Silicon,Yes,22,Yes,1.8 inches,
156,noise,2999,5999,50.00833472,4.3,13108,"ColorFit Pro4 BT Calling 1.72"" TruView Display, Fully-functional digital crown",Rectangle,Black,Silicon,Yes,22,Yes,1.7 inches,
157,noise,2499,6999,64.29489927,4.3,3944,"ColorFit Loop Advanced BT Calling with 1.85"" display,130+Sports Modes",Square,Grey,Silicon,Yes,22,Yes,1.9 inches,
158,noise,1299,4999,74.01480296,4.1,142612,"Qube with 1.4"" Full Touch display, Multi-Sports modes, 7-day Battery,Spo2",Square,Black,Thermo Plastic Polyurethene,Yes,22,Yes,1.4 inches,
159,noise,2999,8999,66.6740749,4.1,22942,"Fit Buzz with 1.32inch HD Round Screen, Bluetooth calling and SPO2",Circle,Black,Silicon,Yes,22,Yes,1.3 inches,
160,noise,3799,5999,36.6727788,4.2,6004,"ColorFit Pro4 Max 1.8"" BT Calling, Noise detection, Noise Health Suite",Rectangle,Black,Silicon,Yes,22,Yes,1.8 inches,
161,noise,1499,4999,70.0140028,4.1,148555,ColorFit Pro 2,Rectangle,Black,Synthetic,Yes,22,Yes,1.3 inches,<= 20 g
162,noise,1799,5999,70.01166861,4.2,32505,ColorFit Brio,Rectangle,Black,Thermo Plastic Polyurethene,Yes,22,Yes,1.5 inches,
163,noise,1999,5999,66.67777963,4.1,69379,ColorFit Pro 3,Rectangle,Black,Thermo Plastic Polyurethene,Yes,3.5,Yes,1.6 inches,20 - 35 g
164,noise,1499,3999,62.51562891,4,6638,"Core 2 1.28"" Display , Noisefit sync app, 100+ watch faces & 50+ Sports Modes",Circle,Black,Silicon,Yes,22,Yes,1.3 inches,
165,noise,1799,5999,70.01166861,4.1,3506,"ColorFit Caliber 2 Buzz Advanced BT Calling, 1.85"" display,10 days battery",Square,Black,Silicon,Yes,22,Yes,1.8 inches,
166,noise,1799,3999,55.01375344,4.2,5970,X-Fit 2 (HRX Edition) Smart Watch with 1.69inch Display & 60 Sports Modes,Rectangle,Grey,Silicon,Yes,22,Yes,1.7 inches,
167,boat,1799,7990,77.48435544,4.1,125524,Storm call 1.69 inch HD display with bluetooth calling and 550 nits brightness,Rectangle,Blue,Silicon,Yes,22,Yes,1.7 inches,
168,boat,1699,5990,71.6360601,4,98388,"Wave Neo with 1.69 inch , 2.5D Curved Display & Multiple Sports Modes",Rectangle,Black,Silicon,Yes,22,Yes,1.7 inches,
169,boat,2499,8990,72.20244716,4.2,2893,"Wave Infinity with 1.85"" HD Screen, Functional Crown and Bluetooth Calling",Rectangle,Black,Silicon,Yes,22,Yes,1.9 inches,
170,boat,3299,9799,66.33329932,4.1,13261,"Storm Pro Call with Bluetooth Calling, 1.78'' AMOLED Display and ASAP Charge",Rectangle,Red,Silicon,Yes,22,Yes,1.8 inches,
171,boat,1499,5990,74.97495826,4.1,45492,Wave beat 1.69Inch HD display with complete health monitoring,Rectangle,Red,Silicon,Yes,22,Yes,1.6 inches,
172,boat,2499,5990,58.28046745,4.2,39734,"Wave Connect with Bluetooth Calling, Voice Assistant and 1.69"" HD Display",Rectangle,Grey,Silicon,Yes,22,Yes,1.7 inches,
173,boat,1299,6990,81.41630901,3.9,17456,Wave pro 1.69inch HD display withTemperature Sensor and live cricket updates,Rectangle,Purple,Silicon,Yes,22,Yes,1.7 inches,
174,boat,1299,5990,78.31385643,4.1,619130,"Storm 1.3"" CurvedDisplay",Square,Blue,Thermo Plastic Polyurethene,Yes,22,Yes,1.3 inches,
175,boat,1999,8999,77.78642071,3.9,6469,"Storm Pro with 1.78"" AMOLED Display, 700+ Active Modes",Rectangle,Black,Silicon,Yes,22,Yes,1.8 inches,
176,boat,2499,7990,68.72340426,4,8179,Wave Arcade with 1.81 inch HD Display and Bluetooth Calling,Rectangle,Green,Silicon,Yes,22,Yes,1.8 inches,
177,boat,3999,6990,42.78969957,4.2,628,"Wave Ultima with 1.8 inch Curve Arc HD Display, Bluetooth Calling with BT v5.3",Rectangle,Red,Silicon,Yes,22,Yes,1.8 inches,
178,boat,2799,5990,53.2721202,3.9,2406,"Wave Select with 1.69"" HD Display, upto 10 Days Battery, HR & SpO2 Monitoring",Square,Green,Silicon,Yes,22,Yes,1.6 inches,
179,boat,1999,6990,71.40200286,3.9,12026,"Watch Mercury 1.54"" TFTDisplay",Rectangle,Blue,Silicon,Yes,22,Yes,1.5 inches,
180,boat,,,,5,,"Wave Beat Call with BT Calling, 1.69 HD Display & 600+ Watch Face",Rectangle,Black,Silicon,Yes,22,Yes,1.7 inches,
181,boat,2299,6990,67.11015737,3.9,16676,"Vertex 1.69"" HealthEcosystem",Square,Black,Silicon,Yes,22,Yes,1.7 inches,
182,boat,2999,7990,62.46558198,3.8,11340,Xplorer,Square,Black,Silicon,Yes,22,Yes,1.3 inches,
183,honor,8999,14999,40.00266684,4.4,14613,Magic Watch 2 (46mm),Circle,Black,Fluoroelastomer,Yes,8,Yes,1.4 inches,20 - 35 g
184,honor,12999,18999,31.58060951,4.2,84,Watch GS 3,Circle,Blue,Leather,Yes,8,Yes,1.4 inches,20 - 35 g
185,honor,13999,15999,12.5007813,4.4,14613,Magic Watch 2 (46 mm),Circle,Brown,Leather,Yes,8,Yes,1.8 inches,20 - 35 g
186,honor,17999,20999,14.28639459,4.4,1111,Watch GS Pro,Circle,Blue,Nylon,Yes,17.5,Yes,1.4 inches,20 - 35 g
187,honor,4999,10999,54.55041367,4.3,2241,Watch ES,Rectangle,Pink,Silicon,Yes,22,Yes,1.6 inches,<= 20 g
188,honor,9047,17999,49.73609645,4.3,1779,Magic SmartWatch,Circle,Brown,Leather,Yes,22,Yes,1.2 inches,
189,honor,7999,17333,53.8510356,4.3,1779,Watch Magic,Circle,Black,Silicon,Yes,22,Yes,1.2 inches,
190,honor,10999,13999,21.43010215,4.4,14613,Magic Watch 2 (42 mm),Circle,Black,Fluoroelastomer,Yes,22,Yes,1.7 inches,<= 20 g
191,samsung,12990,29999,56.69855662,4.4,35511,"Watch 4, 44mmSuper AMOLED bluetooth calling function & body composition tracking",Circle,Black,Rubber,Yes,3.5,Yes,1.4 inches,<= 20 g
192,samsung,27999,29999,6.666888896,4.3,435,Watch 5 40mmSuper AMOLED displayBluetooth calling & body composition tracking,Circle,Graphite,Rubber,Yes,3.5,Yes,1.2 inches,<= 20 g
193,samsung,35999,39999,10.00025001,4.3,435,Watch 5 44mmSuper AMOLED displayLTE calling & body composition tracking,Circle,Graphite,Rubber,Yes,3.5,Yes,1.4 inches,<= 20 g
194,samsung,22749,37999,40.13263507,4.2,567,Galaxy Watch4 Classic Bluetooth (4.6cm),Circle,Black,Fluoroelastomer,Yes,3.5,Yes,1.4 inches,75g +
195,samsung,32999,35999,8.333564821,4.3,435,Watch 5 40mmSuper AMOLED display LTE calling & body composition tracking,Circle,Graphite,Rubber,Yes,3.5,Yes,1.2 inches,<= 20 g
196,samsung,44999,48999,8.163431907,4.4,88,Watch 5 pro 45mmSuper AMOLED displayBluetooth callingwith advanced GPS tracking,Circle,Black,Rubber,Yes,3.5,Yes,1.4 inches,20 - 35 g
197,samsung,34997,42999,18.60973511,4.2,567,Galaxy Watch4 Classic LTE (4.6cm),Circle,Silver,Fluoroelastomer,Yes,3.5,Yes,1.4 inches,75g +
198,samsung,49999,54999,9.091074383,4.4,88,Watch 5 pro45mmSuper AMOLED displayLTE callingwith advanced GPS tracking,Circle,Grey,Rubber,Yes,3.5,Yes,1.4 inches,20 - 35 g
199,samsung,24999,26999,7.407681766,4.1,91,Galaxy Watch4 Bluetooth (4.0cm),Circle,Black,Fluoroelastomer,Yes,3.5,Yes,4.0 inches,<= 20 g
200,samsung,31999,34999,8.571673476,3.8,40,Galaxy Watch4 Classic Bluetooth (4.2cm),Circle,Black,Fluoroelastomer,Yes,3.5,Yes,1.2 inches,20 - 35 g
201,samsung,16999,34999,51.43004086,4.2,567,Galaxy Watch4 LTE (4.4cm),Circle,Black,Fluoroelastomer,Yes,3.5,Yes,1.4 inches,<= 20 g
202,samsung,39490,,,4.3,1489,Galaxy Watch 3 45 mm LTE,Circle,Black,Leather,Yes,3.5,Yes,1.8 inches,20 - 35 g
203,samsung,17490,34999,50.02714363,4.2,567,Galaxy Watch4 Classic Bluetooth(4.2cm),Circle,Silver,Fluoroelastomer,Yes,3.5,Yes,1.2 inches,20 - 35 g
204,samsung,31999,39999,20.00050001,4.2,567,Galaxy Watch4 Classic LTE (4.2cm),Circle,Black,Fluoroelastomer,Yes,3.5,Yes,1.2 inches,20 - 35 g
205,samsung,28999,31999,9.375292978,3.8,12,Galaxy Watch4 LTE (4.0cm),Circle,Pink,Fluoroelastomer,Yes,3.5,Yes,1.2 inches,<= 20 g
206,samsung,11999,30990,61.28105841,4.3,1489,Galaxy Watch 3 41 mm,Circle,Black,Leather,Yes,3.5,Yes,1.6 inches,20 - 35 g
207,samsung,16999,28490,40.33345033,4.1,1980,Galaxy Watch Active 2 Aluminium LTE,Circle,Grey,Silicon,Yes,3.5,Yes,1.4 inches,<= 20 g
208,samsung,16999,31990,46.86151922,4.4,23940,Galaxy Watch Active 2 Steel,Circle,Black,Leather,Yes,3.5,Yes,1.7 inches,20 - 35 g
209,samsung,16999,25990,34.59407464,4.4,23940,Galaxy Watch Active 2 Aluminium,Circle,Beige,Silicon,Yes,3.5,Yes,1.7 inches,<= 20 g
210,samsung,27490,29989,8.333055454,4.2,201,Galaxy Watch 46 mm LTE,Circle,Black,Silicon,Yes,3.5,Yes,1.8 inches,75g +
211,samsung,19990,,,4.3,68,Galaxy Watch Active,Circle,Blue,Rubber,Yes,3.5,Yes,1.1 inches,<= 20 g
212,samsung,24490,28490,14.04001404,3.7,153,Galaxy Watch 42 mm LTE,Circle,Beige,Silicon,Yes,3.5,Yes,1.7 inches,20 - 35 g
213,samsung,30990,34490,10.14786895,4.1,1980,Galaxy Watch Active 2 Steel LTE,Circle,Brown,Silicon,Yes,17.5,Yes,1.4 inches,20 - 35 g
214,samsung,29990,30990,3.22684737,4.3,1489,Galaxy Watch 3 41 mm LTE,Circle,Pink,Leather,Yes,3.5,Yes,1.6 inches,20 - 35 g
215,samsung,16990,33999,50.027942,4.5,12211,Galaxy Watch 46 mm,Circle,Black,Rubber,Yes,3.5,Yes,1.8 inches,75g +
216,fitbit,11699,14999,22.00146676,4.3,3999,Versa 2,Square,Black,Silicon,Yes,3.5,Yes,1.3 inches,20 - 35 g
217,fitbit,14999,,,4.7,,Charge 5,Rectangle,Black,Silicon,Yes,22,Yes,1.0 inches,<= 20 g
218,fitbit,14999,,,4.7,5,fitbit charge 5 blue,Rectangle,Blue,Silicon,Yes,3.5,No,1.3 inches,
219,fitbit,14999,,,4.7,6,fitbit charge 5 black,Rectangle,Black,Silicon,Yes,3.5,No,0.2 inches,
220,fitbit,20499,,,4.7,114,Fitbit Versa 4 Fitness Watch (Pink Sand / Copper Rose Aluminium) 6Membership,Curved,Pink,Silicon,Yes,3.5,Yes,0.2 inches,
221,fitbit,8999,,,4.7,,Inspire 3,Rectangle,Morning Glow,Silicon,Yes,22,Yes,0.6 inches,
222,fitbit,8999,,,4.7,,FitbitInspire 3 Health & Fitness Tracker (Lilac Bliss / Black,Rectangle,Passion Pink,Rubber,Yes,3.5,No,0.2 inches,
223,fitbit,17699,18999,6.842465393,4.3,455,Versa 3,Curved,Black,Rubber,Yes,17.5,Yes,15.9 inches,
224,fitbit,20499,,,4.7,114,Versa 4,Square,Beet Juice,Silicon,Yes,17.5,Yes,1.5 inches,20 - 35 g
225,fitbit,20999,22999,8.696030262,4.2,547,Sense,Curved,Black,Rubber,Yes,17.5,Yes,1.6 inches,<= 20 g
226,fitbit,8999,23499,61.70475339,4.1,4475,Versa Special Edition,Square,Charcoal,Fabric,Yes,3.5,Yes,1.3 inches,20 - 35 g
227,fitbit,26499,,,4.1,367,Ionic,Square,Grey,Rubber,Yes,17.5,Yes,1.3 inches,
228,fitbit,19999,,,4.2,1583,Blaze,Contemporary,Black,Rubber,Yes,3.5,Yes,1.3 inches,
229,fitbit,24990,,,3.9,188,Surge,Square,Blue,Rubber,Yes,22,Yes,1.3 inches,
230,fitbit,16999,,,4.2,426,Versa Lite Edition,Square,Purple,Silicon,Yes,3.5,Yes,1.0 inches,20 - 35 g
231,fitbit,,,,,,,,,,,,,,
232,fitbit,20590,21499,4.228103633,4.1,4475,Versa,Square,Black,Silicon,Yes,3.5,Yes,1.3 inches,20 - 35 g
233,fitbit,24999,,,4.7,,Sense 2,Square,White Platinum,Silicon,Yes,17.5,Yes,1.5 inches,20 - 35 g
234,fitbit,15499,23999,35.41814242,4.5,92,Versa 2 Special Edition,Square,Multicolor,Fabric,Yes,17.5,Yes,,20 - 35 g
235,fitbit,20499,,,4.7,,Fitbit Versa 4 Fitness Watch (Black / Graphite Aluminium)6-Month Membership,Curved,Black,Rubber,Yes,3.5,Yes,0.2 inches,
236,fitbit,20499,,,4.7,,Fitbit Versa 4 Fitness Watch (Waterfall Blue / Platinum Aluminium) Membership,Curved,Blue,Rubber,Yes,22,Yes,0.2 inches,
237,amazfit,3999,5999,33.33888981,4.2,3130,"Pop 2 with Ultra-large 1.78 inch HD AMOLED Display, BT Calling, SpO2",Square,Pink,Silicon,Yes,22,Yes,1.8 inches,75g +
238,amazfit,7499,16999,55.88564033,4.3,11520,GTR 2 (New version)1.39HD AMOLEDBluetooth callingupto 10 days battery life,Circle,Grey,Silicon,Yes,8,Yes,1.4 inches,<= 20 g
239,amazfit,4499,5999,25.00416736,4.1,333,Bip 3 Pro with 1.69 inch Large Color Display Built-in GPS,Square,Beige,Silicon,Yes,8,Yes,1.7 inches,<= 20 g
240,amazfit,9999,17999,44.44691372,4.5,5265,T rex Pro 1.3HD AMOLED with advanced GPS & 10ATM water resistance,Circle,Black,Silicon,Yes,12.5,Yes,1.3 inches,75g +
241,amazfit,16999,23999,29.167882,4.3,575,GTR 4 1.43AMOLED display Bluetooth calling & 6 satellite GPS positioning system,Circle,Black,Silicon,Yes,8,Yes,1.4 inches,<= 20 g
242,amazfit,4999,6999,28.57551079,4.1,4694,Bip U pro 1.43 HD display GLONASS GPS & AI assistant,Rectangle,Pink,Silicon,Yes,22,Yes,1.4 inches,<= 20 g
243,amazfit,13999,18999,26.31717459,4.1,306,"GTS 3 1,75 HD AMOLED with advanced GPS and 150+ sports modes",Square,Misty Rose,Silicon,Yes,8,Yes,1.8 inches,20 - 35 g
244,amazfit,13999,18999,26.31717459,4.1,918,GTR 3 1.3 HD AMOLED with Always on Display and powerful Zepp OS,Circle,Grey,Silicon,Yes,17.5,Yes,1.4 inches,20 - 35 g
245,amazfit,18999,25999,26.92411247,4.2,115,GTR 3 Pro,Circle,Brown,Silicon,Yes,8,Yes,1.4 inches,20 - 35 g
246,amazfit,6999,9999,30.0030003,3.7,81,"GTS2 Mini with 1.55"" AMOLED Display Built-in Alexa",Rectangle,Black,Silicon,Yes,8,Yes,1.6 inches,
247,amazfit,8999,13999,35.71683692,4.3,578,GTR 2e,Circle,Black,Silicon,Yes,17.5,Yes,1.4 inches,<= 20 g
248,amazfit,19999,23999,16.66736114,4.3,,GTS 4 Alexa Built-in Fitness Tracker Calling 1.75'' HD Display SpO2 Waterproof,Rectangle,White,Silicon,Yes,8,Yes,1.8 inches,
249,amazfit,2999,5999,50.00833472,3.8,15,Bip U,Square,Black,Silicon,Yes,22,Yes,1.4 inches,<= 20 g
250,amazfit,7200,14999,51.99679979,4,6,Bip Lite,Square,Black,Silicon,Yes,3.5,Yes,3.0 inches,
251,garmin,139990,,,4.7,6022,"Fenix 7X Sapphire Solar, Up to 28 days/37 days with solar*, Built in Flashlight",Circle,Silver,Stainless Steel,Yes,17.5,Yes,0.1 inches,
252,garmin,16990,20990,19.05669366,4.4,90,"Venu Sq, Smartwatch, Advanced Sleep Monitoring, Upto 6 Days of Battery, SPO2",Square,Grey,Silicon,Yes,17.5,Yes,1.3 inches,20 - 35 g
253,garmin,39490,,,5,6,"Forerunner 255, GPS Running Smartwatch, Advanced Insights, HRV Status",Circle,Grey,Silicon,No,8,Yes,1.3 inches,
254,garmin,33490,,,4.7,,"Venu Sq 2 Music, AMOLED, Mindful Breathing, Upto 11 Days Battery",Square,Black,Silicon,Yes,17.5,Yes,1.4 inches,20 - 35 g
255,garmin,24990,36490,31.51548369,4.4,43,"Forerunner 245 Music, GPS Running Smartwatch, Advanced Running Dynamics",Circle,Red,Silicon,No,22,Yes,1.2 inches,20 - 35 g
256,garmin,34990,51990,32.69859588,4.3,6,"Forerunner 745, GPS Multisport Watch, Training Stats, Advanced Running Dynamics",Circle,Red,Silicon,No,22,Yes,1.2 inches,20 - 35 g
257,garmin,39490,41990,5.953798523,4.8,6,"Venu 2, GPS Smartwatch, AMOLED Display, Upto 11 Days Battery, SPO2 & Music",Circle,Blue,Silicon,Yes,17.5,Yes,33.0 inches,
258,garmin,89490,93990,4.787743377,4.7,,"Fenix 7 Solar Multisport Watch, PacePro Technology, ClimbPro, Stamina Tracking",Circle,Black,Silicon,Yes,12.5,Yes,0.1 inches,
259,garmin,67490,,,4.7,,"Forerunner 955 Solar charging upto 20 days, HRV & Stamina Status, Triathlon",Circle,White,Silicon,No,8,Yes,1.3 inches,75g +
260,garmin,20990,,,4.2,61,"Forerunner 55, GPS Smartwatch, upto 2 Weeks of Battery Life, PacePro Technology",Circle,Blue,Silicon,No,22,Yes,1.0 inches,
261,garmin,98990,,,4.7,6022,"Epix Gen 2, Sapphire, Up to 16 days Battery, AMOLED Display, Real Time Stamina",Circle,Black,Silicon,Yes,17.5,Yes,0.1 inches,
262,garmin,49990,51990,3.846893633,4.7,,Approach S62,Circle,Black,Silicon,Yes,8,Yes,1.3 inches,75g +
263,garmin,44990,50490,10.89324619,4,6,"Instinct 2 Solar, Rugged Outdoor SmartWatch, Multi GNSS, Tracback Routing",Circle,Blue,Silicon,No,17.5,Yes,0.9 inches,
264,garmin,22990,31490,26.99269609,4.1,20,"Instinct Esports Edition, Broadcast stress level & HR to PC gaming streams*",Circle,Black,Silicon,No,8,Yes,0.9 inches,
265,garmin,33490,36990,9.462016761,4.6,5,"Instinct 2, Battery Upto 28 days, Tracback Routing, Multi GNSS, Health Snapshot",Circle,Black,Silicon,No,17.5,Yes,0.9 inches,
266,garmin,39490,44990,12.22493888,4.7,109,"Venu 2S, GPS Smartwatch, AMOLED Display, Upto 11 Days Battery, SPO2 & Music",Circle,White,Silicon,Yes,22,Yes,27.9 inches,
267,garmin,27990,,,5,3,"Venu Sq 2, AMOLED, Mindful Breathing, Upto 11 Days of Battery",Square,Grey,Rubber,Yes,17.5,Yes,1.4 inches,20 - 35 g
268,garmin,20490,,,5,3,Vivomove Sports,Circle,Brown,Silicon,No,3.5,Yes,18.5 inches,
269,garmin,89490,89990,0.555617291,4.7,6022,"Epix Gen 2, Up to 16 days Battery, AMOLED Display, Real Time Stamina",Circle,Grey,Silicon,Yes,17.5,Yes,0.1 inches,
270,garmin,46990,,,4.5,8,"Venu 2 Plus, AMOLED Display, Built in Speaker & MIC, Upto 9 Days Battery, SPO2",Circle,White,Silicon,Yes,3.5,Yes,1.3 inches,75g +
271,garmin,44990,46990,4.256224729,4,6,"Instinct 2 Solar, Battery Up to 28 days/Unlimited with solar*, Tracback Routing",Circle,Black,Silicon,No,17.5,Yes,0.9 inches,
272,garmin,46990,62490,24.80396863,4.1,10,"Forerunner 945, Premium GPS Running/Triathlon Smartwatch with Music",Circle,Black,Silicon,No,8,Yes,1.9 inches,
273,garmin,33490,39490,15.19371993,4.7,109,"Instinct 2S, Battery Upto 21 days, Health Snapshot, SPO2, HIIT workout, VO2 Max",Circle,Red,Silicon,No,17.5,No,0.8 inches,
274,garmin,20990,25990,19.23816853,3.4,7,"Venu Sq Music, Smartwatch, Advanced Sleep Monitoring, Upto 6 Days Battery, SPO2",Square,Blue,Silicon,Yes,17.5,Yes,1.3 inches,
275,garmin,64990,82990,21.68936016,4.7,,"Fenix 6S Sapphire, Premium GPS Watch, Music, Pace Guidance and Pulse Ox Sensors",Circle,Black,Silicon,Yes,22,Yes,1.2 inches,75g +
276,garmin,44990,50490,10.89324619,4.7,,"Instinct 2S Solar, Battery Upto 21 days/51 days with solar*, SPO2, HIIT workout",Circle,Green,Silicon,No,17.5,Yes,0.8 inches,
277,garmin,76990,96390,20.12656915,4.7,7,"Fenix 6 Sapphire Carbon Gray DLC, Wrist-Based Heart Rate and Pulse OX, Sensors",Circle,Silver,Silicon,Yes,17.5,Yes,1.3 inches,
278,garmin,67490,67990,0.735402265,4.7,6022,"Fenix 7 Multisport GPS Watch, Upto 18 Days Battery, Climbpro, Stamina, HRV",Circle,Grey,Silicon,Yes,12.5,Yes,0.1 inches,
279,garmin,39490,44990,12.22493888,4.7,109,"Instinct 2, Rugged Outdoor Watch with GPS, Built for All Elements, Multi-GNSS",Circle,Grey,Silicon,No,17.5,Yes,0.9 inches,
280,garmin,50490,55990,9.823182711,4.7,109,"Instinct 2 Solar, Tactical Rugged SmartWatch, Multi GNSS, Tracback Routing",Circle,Brown,Silicon,No,17.5,Yes,0.9 inches,
281,garmin,27990,39990,30.00750188,3.7,10,"Venu, GPS Smartwatch with Music, Body Energy Monitoring, Animated Workouts",Circle,Blue,Silicon,Yes,3.5,Yes,1.2 inches,20 - 35 g
282,huawei,18990,29990,36.67889296,4.3,189,GT 2 Pro,Circle,Black,Fluoroelastomer,Yes,8,Yes,1.4 inches,75g +
283,huawei,14990,20990,28.5850405,4.5,3228,Watch GT 2 (46 mm),Circle,Black,Fluoroelastomer,Yes,8,Yes,1.8 inches,20 - 35 g
284,huawei,15990,20990,23.82086708,4.4,399,Watch GT Active,Circle,Orange,Silicon,Yes,8,Yes,1.8 inches,
285,huawei,14990,19990,25.01250625,4.7,,Watch GT 2 (42 mm),Circle,Black,Fluoroelastomer,Yes,22,Yes,1.7 inches,<= 20 g
286,huawei,29999,,,3.8,5,Watch 2 Sport with 4G,Circle,Black,Silicon,Yes,17.5,Yes,1.2 inches,
287,huawei,25999,,,3.9,21,Watch 2 Leather,Circle,Black,Leather,Yes,17.5,Yes,1.2 inches,
288,huawei,6999,9999,30.0030003,3.3,20,Fit,Circle,Orange,Silicon,Yes,17.5,Yes,1.2 inches,
289,huawei,10990,20990,47.64173416,4.5,203,Watch GT Sport,Circle,Black,Silicon,Yes,8,Yes,1.8 inches,75g +
290,huawei,10990,21990,50.02273761,4.5,93,Watch GT Classic,Circle,Brown,Leather,Yes,8,Yes,1.8 inches,75g +
291,huawei,8990,19990,55.02751376,4.3,1269,Watch GT 2e Sport,Circle,Red,Thermo Plastic Polyurethene,Yes,8,Yes,1.4 inches,
292,huawei,11990,19990,40.02001001,4.3,1269,Watch GT 2e Active,Circle,Green,Thermo Plastic Polyurethene,Yes,8,Yes,1.4 inches,
293,huawei,6990,14990,53.36891261,4.3,119,Watch Fit,Rectangle,Pink,Silicon,Yes,22,Yes,4.2 inches,<= 20 g
294,fossil,23995,,,4.2,343,Gen 6,Circle,Purple,Silicon,Yes,17.5,Yes,1.3 inches,
295,fossil,18495,,,3.8,172,Gen 5E,Circle,Black,Stainless Steel,Yes,22,Yes,1.7 inches,
296,fossil,15289,22995,33.51163296,4,470,Garrett HR,Circle,Silver,Stainless Steel,Yes,17.5,Yes,1.3 inches,
297,fossil,17995,,,3.9,46,Sport Smartwatch,Circle,Multicolor,Silicon,Yes,17.5,Yes,1.2 inches,
298,fossil,19999,21995,9.074789725,3.8,53,Q Venture,Circle,Silver,Stainless Steel,Yes,22,Yes,1.7 inches,
299,fossil,9995,14995,33.34444815,3.9,57,Fb-01 Hybrid Smartwatch Hr,Circle,Black,Silicon,No,22,Yes,1.1 inches,
300,fossil,14995,22995,34.79017178,4,4483,The Carlyle HR,Circle,Grey,Stainless Steel,Yes,17.5,Yes,1.3 inches,
301,fossil,13195,21995,40.00909298,3.9,510,4th Gen Venture HR,Circle,Gold,Stainless Steel,Yes,22,Yes,1.6 inches,
302,fossil,9995,17995,44.45679355,4,1532,Sport 43,Circle,Blue,Silicon,Yes,3.5,Yes,1.2 inches,
303,fossil,9198,22995,60,4.3,283,Julianna HR,Circle,Beige,Leather,Yes,17.5,Yes,1.3 inches,
304,fossil,13495,,,4.7,,Jacqueline,Circle,Black,Stainless Steel,No,17.5,Yes,1.3 inches,
305,fossil,17995,,,4,599,Sport 41,Circle,Blue,Silicon,Yes,22,Yes,1.2 inches,
306,fossil,18995,,,4,102,Wander RG,Circle,Black,Silicon,Yes,22,Yes,45.0 inches,
307,fossil,19995,,,3.1,28,FTW4003 Smart Watch,Circle,Brown,Leather,Yes,22,Yes,1.4 inches,
308,fossil,19995,,,4.4,69,Q Explorist,Circle,Black,Leather,Yes,22,Yes,1.7 inches,
309,fossil,11995,,,4.3,4,Commuter,Circle,Black,Leather,No,17.5,Yes,1.7 inches,
310,fossil,14995,,,3.9,41,Charter Hybrid HR Smartwatch,Circle,Black,Leather,No,3.5,Yes,1.2 inches,75g +
311,fossil,16495,,,4.1,123,Collider Hybrid HR,Circle,Grey,Stainless Steel,No,3.5,Yes,1.1 inches,
312,fossil,16495,,,4.7,,Neutra Hybrid HR,Circle,Silver,Stainless Steel,No,8,Yes,1.1 inches,
313,fossil,9995,16495,39.40588057,3.8,144,FB-01 Hybrid HR,Circle,Black,Stainless Steel,Yes,3.5,Yes,1.1 inches,
314,fossil,13995,,,3.8,4,FTW1140 Q Hybrid Watch,Circle,Blue,Stainless Steel,No,22,Yes,,
315,fossil,13495,,,4.4,11,Q Jacqueline,Circle,Silver,Stainless Steel,No,17.5,Yes,1.3 inches,
316,fossil,13495,,,4.7,3,Neely,Circle,Blue,Stainless Steel,No,17.5,Yes,1.3 inches,
317,fossil,10998,21995,49.99772676,3.9,5182,4th Gen Explorist HR,Circle,Black,Silicon,Yes,22,Yes,1.8 inches,
318,dizo,1299,5499,76.37752319,4,1598,"Watch D Sharp 1.75"" with High Res (320*390) Display (By realme techLife)",Rectangle,Grey,Silicon,Yes,8,Yes,1.8 inches,20 - 35 g
319,dizo,1799,4999,64.01280256,4.2,34953,Watch D 1.8 inch Dynamic display with 550nits brightness,Rectangle,Black,Silicon,Yes,8,Yes,1.8 inches,75g +
320,dizo,3299,5999,45.00750125,4,28926,Watch R AMOLED with 45 mm Dial Size (by realme techLife),Circle,Black,Silicon,Yes,22,Yes,1.3 inches,20 - 35 g
321,dizo,1999,5999,66.67777963,4.1,561,"Watch D2 with 1.91 inch super big display ,BT Calling (by realme TechLife)",Rectangle,Black,Silicon,Yes,22,Yes,1.9 inches,20 - 35 g
322,dizo,1699,3999,57.51437859,4.2,110067,Watch 2,Rectangle,Pink,Silicon,Yes,12.5,Yes,1.7 inches,75g +
323,dizo,1199,3499,65.73306659,4.2,62964,"Watch 2 sports (by realme techlife) 1.69"" Bright screen with 110+ sports modes",Square,Blue,Silicon,Yes,22,Yes,1.7 inches,20 - 35 g
324,dizo,4499,6999,35.71938848,4.2,6385,"Watch R Talk, Amoled Display with Calling & 10 days battery",Circle,Grey,Silicon,Yes,22,Yes,1.3 inches,75g +
325,dizo,3499,5999,41.67361227,4.2,1785,Watch D Talk 1.8 display with calling&7 day battery (by realme Techlife),Rectangle,Grey,Silicon,Yes,22,Yes,1.8 inches,75g +
326,dizo,1999,3999,50.01250313,3.9,3492,Watch S 1.57 Bright touch screen with rectangular display and 110+ sports modes,Rectangle,Pink,Silicon,Yes,22,Yes,1.6 inches,20 - 35 g
327,dizo,1999,4999,60.0120024,4.1,717,"Watch D Plus with 1.85inch,550nits display&14 day battery",Rectangle,Blue,Silicon,Yes,8,Yes,1.9 inches,20 - 35 g
328,dizo,2799,3999,30.00750188,4.1,7586,Watch Pro,Square,Black,Silicon,Yes,8,Yes,1.8 inches,20 - 35 g
329,dizo,3299,6999,52.86469496,3.9,345,WATCH D ULTRA 1.78 AMOLED WITH CALLING,Square,Blue,Silicon,Yes,22,Yes,1.8 inches,20 - 35 g
330,dizo,3999,6999,42.86326618,4.1,663,"Watch R Talk Go, 1.39 inch, 550nits display, 10 day battery (by realme TechLife)",Circle,Blue,Silicon,Yes,22,Yes,1.4 inches,20 - 35 g
331,dizo,2699,5999,55.00916819,3.3,222,"WATCH D PRO WITH CALLING,D1 CHIPSET,OS,1.85 INCH DISPLAY",Square,Grey,Silicon,Yes,22,Yes,1.9 inches,20 - 35 g
332,dizo,5999,6999,14.28775539,4.2,13,"R Talk, Amoled Display with Calling & 10 days battery",Circle,Black,Silicon,Yes,22,Yes,1.3 inches,75g +
333,dizo,5999,6999,14.28775539,4.2,13,R TALK SMARTWATCH Amoled Display with Calling10 Days Battery(SilverGrey)FreeSize,Circle,Grey,Silicon,Yes,22,Yes,1.3 inches,75g +
334,dizo,3999,5999,33.33888981,4.2,42860,D TALK SMART WATCH (SILVER GREY),Rectangle,Grey,Silicon,Yes,22,Yes,1.8 inches,75g +
335,dizo,3999,5999,33.33888981,4.2,42860,"D Talk DW 32051 Smart Watch with Up to 7 Day Battery Life, Classic Black",Rectangle,Black,Silicon,Yes,22,Yes,1.8 inches,75g +
336,dizo,2499,3999,37.50937734,3.6,70,Watch 2 Sports i,Square,Black,Plastic,Yes,22,Yes,1.7 inches,
337,gizmore,1199,4499,73.34963325,4.7,,GizFit CLOUD 1.85 IPS Large Display | AI Voice Assistant | Bluetooth Calling,Square,Blue,Silicon,Yes,22,Yes,1.8 inches,20 - 35 g
338,gizmore,1799,5999,70.01166861,4.2,4813,"GizFit Ultra BT Calling Smartwatch With 1.69"" HD Display| 60+ Sports Mode",Square,Grey,Silicon,Yes,3.5,Yes,0.1 inches,20 - 35 g
339,gizmore,1299,5499,76.37752319,3.8,3137,GizFit BLAZE BT Calling Smartwatch | 1.69 Inch IPS Curved 500 NITS Display,Square,Black,Silicon,Yes,3.5,Yes,0.1 inches,20 - 35 g
340,gizmore,2799,8999,68.89654406,4,1994,GizFit GLOW AMOLED with 3.4 Cm | ALWAYS-ON | 550 NITS Brightness | BT Calling,Circle,Black,Silicon,Yes,3.5,Yes,1.4 inches,75g +
341,gizmore,1999,5999,66.67777963,4,1178,"Blaze Max 1.85"" BT Calling Edge to Edge Display, Voice Assistance, Bluetooth",Square,Grey,Silicon,Yes,8,Yes,1.9 inches,
342,gizmore,3499,8999,61.11790199,3.7,475,GizFit GLOW LUXE AMOLED with 3.35 Cm Display | 500 NITS| Bluetooth Calling,Circle,Black,Leather,Yes,3.5,Yes,1.3 inches,
343,gizmore,1999,6999,71.43877697,3.8,927,GizFit PLASMA Bluetooth Calling Smartwatch | 1.9 Inch HD Display | 550 NITS,Square,Blue,Silicon,Yes,22,Yes,1.9 inches,20 - 35 g
344,gizmore,2399,5499,56.37388616,5,3,GIZFIT BLAZE X 1.85 Inch Ultra HD Display | 600 NITS | BT Calling Smartwatch,Square,Burgundy,Silicon,Yes,3.5,Yes,1.9 inches,<= 20 g
345,gizmore,2799,6999,60.00857265,4.3,7,GizFit ORBIT BT Calling with 1.32 Inch Ultra Sharp HD Display|500 NITS|ALWAYS-ON,Circle,Burgundy,Silicon,Yes,3.5,Yes,1.3 inches,
346,gizmore,2199,5999,63.34389065,3.5,10,Gizfit 910 Pro Bluetooth Calling with AI Voice Assistance,Square,Black,Silicon,Yes,3.5,Yes,1.7 inches,
347,gizmore,1999,5999,66.67777963,3.5,30,Gizfit Slate BT Calling | 1.57 Inch display | AI voice Assistance,Rectangle,Black,Silicon,Yes,3.5,Yes,1.6 inches,<= 20 g
348,gizmore,1799,2999,40.01333778,3.8,645,GizFit 902,Square,Black,Silicon,Yes,22,Yes,1.0 inches,
349,gizmore,1499,6999,78.58265466,4.7,,Vogue 1.95 Edge to Edge Larger IPS HD Display Bluetooth Calling,Square,Grey,Silicon,Yes,22,Yes,1.9 inches,20 - 35 g
350,gizmore,6999,,,4.7,,GizFIt Vogue 1.95 Always On 600 NITS HD Display Bluetooth Calling,Square,Orange,Silicon,Yes,22,Yes,1.9 inches,20 - 35 g
351,gizmore,2799,6999,60.00857265,4.7,,GizFit ORBIT BT Calling with 3.3 Cm | ALWAYS-ON | 500 NITS Brightness,Circle,Black,Silicon,Yes,3.5,Yes,1.3 inches,
352,ambrane,1299,4999,74.01480296,4.2,60292,Wise-Eon 1.69Lucid Display bluetooth calling function & 7 days battery life,Square,Grey,Silicon,Yes,22,Yes,1.7 inches,
353,ambrane,1599,5999,73.34555759,4.2,25108,"Wise-roam 1.28"" Full HD display,bluetooth calling and complete health tracking",Circle,Grey,Silicon,Yes,22,Yes,1.3 inches,
354,ambrane,1799,5999,70.01166861,4.2,453,"Wise Eon Max with 2.01'' Lucid display, BT Calling, with customisable watch face",Square,Black,Silicon,Yes,22,Yes,2.0 inches,
355,ambrane,1499,5299,71.71164371,4.2,8574,"Wise Eon Pro1.85"" lucid display with BT calling",Square,Red,Silicon,Yes,22,Yes,1.9 inches,
356,ambrane,2499,5999,58.34305718,4.3,7767,"Wise Glaze with 1.78"" Amoled display, BT Calling,SPO2 , Heart Rate Monitor",Square,Grey,Silicon,Yes,22,Yes,1.8 inches,
357,ambrane,1799,3799,52.64543301,4.2,8003,Flex 1.69inch Lucid display and SPO2,Square,Pink,Silicon,Yes,22,Yes,1.7 inches,
358,ambrane,2299,3999,42.51062766,4.1,2475,Surge 1.28 Curved Display with complete Health Tracking,Circle,Black,Silicon,Yes,22,Yes,1.3 inches,
359,ambrane,1999,5999,66.67777963,3.9,1099,Pulse,Rectangle,Black,Synthetic,Yes,22,Yes,1.3 inches,20 - 35 g
360,ambrane,1499,3799,60.54224796,4.2,1804,Flex,Square,Green,Silicon,Yes,22,Yes,1.7 inches,
361,pebble,2799,7499,62.67502334,4.4,12644,"Cosmos Ultra 1.91"" 600 nits BT-Calling High-Res Curved Display, Ultra-Thin Dial",Rectangle,Black,Silicon,Yes,22,Yes,1.9 inches,75g +
362,pebble,4199,9499,55.79534688,4.2,7828,"Cosmos luxe 1.36"" AMOLED Always-on Display Bluetooth calling(Midnight Gold)",Circle,Charcoal,Silicon,Yes,22,Yes,0.1 inches,
363,pebble,4199,9999,58.00580058,4.2,541,"Cosmos Luxe 2.0 1.43"" AMOLED Display with BT Calling and Responsive Watch Faces",Circle,Midnight,Silicon,Yes,22,Yes,1.4 inches,20 - 35 g
364,pebble,1999,4999,60.0120024,4,4240,"Frost 1.87'' BT Calling with 2.5D Curved HD Display, AI Voice Assisst",Rectangle,Blue,Silicon,Yes,3.5,Yes,20.0 inches,20 - 35 g
365,pebble,4199,9499,55.79534688,4.2,7828,"Cosmos luxe 1.36"" AMOLED Always-on Display Bluetooth calling",Circle,Green,Silicon,Yes,22,Yes,0.1 inches,
366,pebble,1999,4999,60.0120024,4,4240,"Frost 1.87 BT Calling with 2.5D Curved HD Display, AI Voice Assisst",Rectangle,Orange Alpine,Silicon,Yes,3.5,Yes,20.0 inches,20 - 35 g
367,pebble,3499,5999,41.67361227,4.7,,Zen Pro Unisex SPO2 Grey,Circle,Grey,Silicon,Yes,22,Yes,1.3 inches,
368,pebble,4699,7499,37.33831177,4.1,20,Revo Bluetooth Calling Smartwatch for Men Black,Circle,Brown,Leather,Yes,8,Yes,1.3 inches,
369,pebble,3999,9999,60.0060006,3.9,677,"Cosmos Grande 2.1 Largest Display, BT Calling, Wireless Charging,GPS Trajectory",Rectangle,Blue,Silicon,Yes,22,Yes,2.1 inches,20 - 35 g
370,pebble,3999,6499,38.46745653,3.4,45,Aspire Unisex 2.5D Curved Screen Smartwatch with Female Cycle Tracker Rose Gold,Rectangle,Pink,Silicon,Yes,22,Yes,1.6 inches,
371,pebble,4990,6999,28.70410059,4.1,1964,Cosmos,Square,Maroon,Silicon,Yes,8,Yes,0.1 inches,75g +
372,pebble,1499,4499,66.68148477,3.8,1338,"Spark Ace 1.85 Large HD Display, Health Suite, 100+ Watch Faces, 7 days battery",Rectangle,Blue,Silicon,Yes,17.5,Yes,1.9 inches,75g +
373,pebble,4990,6999,28.70410059,5,3,"Pebble Cosmos, Bluetooth Calling smartwatch Multi Sports Modes",Square,Blue,Rubber,Yes,8,Yes,0.2 inches,75g +
374,pebble,3999,7999,50.00625078,3.9,2874,Cosmos Pro 1.7inch HD LCD display with Bluetooth calling function,Square,Black,Silicon,Yes,22,Yes,0.1 inches,
375,pebble,3999,7499,46.67288972,4.1,99,Venus,Circle,Black,Silicon,Yes,22,Yes,1.1 inches,
376,pebble,3999,7999,50.00625078,3.9,2874,Cosmos Pro 1.7inch HD display with Bluetooth calling function,Square,"Pink, Gold",Silicon,Yes,22,Yes,0.1 inches,
377,pebble,2499,4499,44.45432318,3.5,1014,"Spark 1.7 inch Bluetooth Calling, HD Display with SPO2, HR Monitor",Rectangle,Deep Wine,Silicon,Yes,,Yes,1.7 inches,20 - 35 g
378,pebble,2999,5499,45.46281142,3.8,5,"Pace Pro Smartwatch with 1.7"" HD Curved Display Golden Ivory",Square,Gold,Silicon,Yes,8,Yes,0.1 inches,
379,pebble,4499,7499,40.00533404,3.1,10,Revo Bluetooth Calling Smartwatch for Men Tan Leather,Circle,Black,Silicon,Yes,8,Yes,1.3 inches,
380,pebble,3069,4999,38.60772154,4,1371,Pace Unisex Smart Watch with Full Touch Dynamic Colour Display (Black,Rectangle,Black,Silicon,Yes,22,Yes,1.4 inches,20 - 35 g
381,pebble,1499,3299,54.56198848,3.8,,"Prism 1.7""Display With Fitness & Outdoor Activity Black",Square,Black,Silicon,Yes,8,Yes,0.1 inches,
382,pebble,3299,4999,34.00680136,3.8,,"prism ultra 1.69"" HD Display With Bluetooth Calling Green",Square,Sea Green,Silicon,Yes,8,Yes,0.1 inches,
383,pebble,2499,3299,24.24977266,3.8,,"Prism 1.7""Display With Fitness & Outdoor Activity Blue",Square,Blue,Silicon,Yes,8,Yes,0.1 inches,
384,pebble,4990,6999,28.70410059,4.1,1964,COSMOS,Square,Rose Gold,Silicon,Yes,3.5,Yes,0.1 inches,
385,pebble,2999,5499,45.46281142,3.8,,"Pace Pro Smartwatch with 1.7"" HD Curved Display Golden Black",Square,Black,Silicon,Yes,8,Yes,0.1 inches,
386,pebble,3999,5499,27.27768685,4.1,16,Prism Max Bluetooth Calling Large Display,Rectangle,Black,Silicon,Yes,22,Yes,0.1 inches,
387,pebble,2999,4999,40.0080016,4,1371,Pace Unisex Smart Watch with Full Touch Dynamic Colour Display (Blue,Rectangle,Blue,Silicon,Yes,22,Yes,1.4 inches,20 - 35 g
388,pebble,4990,6999,28.70410059,4.1,,"Pebble Cosmos, Bluetooth Calling smartwatch 24 Hour Health Tracking (Burgundy)",Square,Maroon,Silicon,Yes,8,Yes,0.1 inches,75g +
389,pebble,5190,7499,30.7907721,4.1,,Venus Bluetooth Calling Smartwatch with Fitness Tracker for Women-Midnight Gold,Circle,Black,Silicon,Yes,,Yes,0.0 inches,
390,zebronics,2199,4999,56.01120224,3.9,272,Zeb-Fit Me,Square,Green,Thermo Plastic Polyurethene,Yes,22,Yes,3.3 inches,20 - 35 g
391,zebronics,3499,5499,36.37024914,3.9,22,SPECIAL EDITION Zeb-Fit380CH BLUETOOTH CALLING,Square,Black,Silicon,Yes,22,Yes,4.3 inches,75g +
392,zebronics,2999,7999,62.50781348,3.5,22,Zeb-Fit7220CH,Rectangle,Black,Silicon,Yes,3.5,Yes,6.9 inches,
393,zebronics,2399,7999,70.00875109,3.9,1328,Zeb-Fit4220CH,Circle,Silver,Silicon,Yes,22,Yes,3.3 inches,75g +
394,zebronics,1999,3999,50.01250313,3.9,22,ZEB FIT8220CH,Square,Rose Gold,Silicon,Yes,17.5,Yes,1.7 inches,
395,zebronics,4499,7499,40.00533404,3.7,3,Zeb Fit 7220 CH,Rectangle,Black,Silicon,Yes,22,Yes,1.7 inches,
396,zebronics,2199,4999,56.01120224,3.9,22,ZEB-FITME,Square,Black,Silicon,Yes,17.5,Yes,1.3 inches,
397,zebronics,2999,5999,50.00833472,3.6,55,"ZEB-FIT5220CH 7-Day Data Storage, 8 Sports Mode, SpO2, BP & HR Monitor, (Metal)",Square,Black,Stainless Steel,Yes,22,Yes,0.2 inches,
398,zebronics,5499,7499,26.6702227,3.9,22,UNBEATABLE ZEB-FIT480CH,Square,Black,Silicon,Yes,22,Yes,1.8 inches,
399,zebronics,3499,3999,12.50312578,3.9,,Zeb-Fit1220CH,Square,Gold,Silicon,Yes,22,Yes,1.5 inches,
400,zebronics,2799,5499,49.09983633,3.9,22,ZEB FIT380CH,Square,Black,Rubber,Yes,22,Yes,1.7 inches,
401,zebronics,1799,3999,55.01375344,4.2,1823,ZEB-FIT8220CH,Square,Rose Gold,Silicon,Yes,22,Yes,4.3 inches,20 - 35 g
402,zebronics,3499,7999,56.25703213,1,1,Zeb Fit 4220 CH,Circle,Black,Silicon,Yes,22,Yes,1.3 inches,75g +
403,zebronics,1399,4499,68.90420093,4,469,ZEB-FIT920CH,Square,Red,Thermo Plastic Polyurethene,Yes,22,Yes,3.5 inches,20 - 35 g
404,zebronics,3499,5999,41.67361227,3.9,,SPECIAL EDITION Zeb-Fit380CH METALLIC STRAP,Square,Silver,Stainless Steel,Yes,22,Yes,4.3 inches,75g +
405,zebronics,3099,7999,61.25765721,2.3,3,FIT7220CH,Curved,Silver,Aluminium,Yes,22,Yes,0.1 inches,
406,zebronics,1897,1899,0.105318589,3.3,4,Fitness band,Rectangle,Grey,Silicon,Yes,22,Yes,2.3 inches,
407,zebronics,2949,4199,29.76899262,3.1,10,LEATHER fit-650,Oval,Black,Leather,Yes,,Yes,2.7 inches,
408,zebronics,3449,4199,17.86139557,2.9,17,ZEB-FIT650,Circle,Black,Silicon,Yes,3.5,Yes,2.4 inches,
409,zebronics,1499,2999,50.01667222,3.1,24,Smart Time 200,Circle,Black,Rubber,Yes,22,Yes,2.7 inches,75g +
410,zebronics,2999,5999,50.00833472,4,,FIT380CH,Rectangle,Silver,Stainless Steel,Yes,17.5,Yes,1.7 inches,
411,fire-boltt,2499,5999,58.34305718,2.5,,NINJA 2 MAX,Square,Black,Silicon,Yes,22,Yes,1.5 inches,
412,fire-boltt,2399,11999,80.00666722,2.5,6022,DAZZLE PLUS,Square,Black,Silicon,Yes,22,Yes,1.8 inches,
413,fire-boltt,3927,9999,60.72607261,2.5,,RING 3,Square,Black,Silicon,Yes,22,Yes,1.8 inches,
414,fire-boltt,3927,9999,60.72607261,2.5,,RING 3,Square,Gold,Silicon,Yes,22,Yes,1.8 inches,
415,fire-boltt,2299,5999,61.67694616,2.5,24,NINJA PRO MAX,Square,Blue,Silicon,Yes,22,Yes,1.6 inches,
416,fire-boltt,2299,5999,61.67694616,2.5,201,NINJA PRO MAX,Square,Black,Silicon,Yes,22,Yes,1.6 inches,
417,fire-boltt,6499,12999,50.00384645,2.5,,BSW019,Circle,Black,Silicon,Yes,22,Yes,1.3 inches,
418,fire-boltt,4599,17999,74.44858048,2.5,11,HULK BLUETOOTH CALLING,Square,Black,Silicon,Yes,22,Yes,1.8 inches,
419,fire-boltt,3299,9999,67.00670067,2.5,5,RING 2,Square,Grey,Silicon,Yes,22,Yes,1.7 inches,
420,fire-boltt,2699,4999,46.00920184,2.5,33,NINJA PRO,Square,Black,Silicon,Yes,22,Yes,1.3 inches,
421,fire-boltt,2799,7999,65.00812602,4.2,5,ninja calling,Square,Black,Rubber,Yes,22,Yes,0.1 inches,
422,fire-boltt,3449,9999,65.50655066,3.8,83,ring,Square,Black,Rubber,Yes,22,Yes,0.1 inches,75g +
423,fire-boltt,3499,9999,65.00650065,4.8,4,beast pro,Square,Silver,Rubber,Yes,8,Yes,0.1 inches,
424,fire-boltt,3999,9999,60.0060006,3.1,8,ring,Rectangle,Black,Silicon,Yes,22,Yes,0.1 inches,
425,fire-boltt,3999,9999,60.0060006,3.7,,bsw360,Circle,Blue,Rubber,Yes,22,Yes,0.1 inches,
426,fire-boltt,3599,5999,40.00666778,5,3,bsw001,Rectangle,Black,Silicon,Yes,22,Yes,1.4 inches,
427,fire-boltt,3799,9999,62.00620062,3.7,,beast pro,Square,Black,Rubber,Yes,3.5,Yes,0.1 inches,
428,fire-boltt,3499,9999,65.00650065,3.7,,beast pro,Rectangle,Pink,Rubber,Yes,8,Yes,0.1 inches,
429,fire-boltt,3499,9999,65.00650065,3.7,,beast pro,Square,Blue,Rubber,Yes,8,Yes,0.1 inches,
430,fire-boltt,5599,9999,44.00440044,2.5,,bsw005,Square,White,Silicon,Yes,22,Yes,1.7 inches,
431,fire-boltt,3999,9999,60.0060006,3.7,3,bsw016,Square,Pink,Silicon,Yes,22,Yes,1.7 inches,
432,fire-boltt,3699,11999,69.17243104,2.5,,starcross,Square,Black,Silicon,Yes,8,Yes,1.8 inches,
433,fire-boltt,3899,11999,67.50562547,2.5,,starcross,Square,Green,Silicon,Yes,22,Yes,1.8 inches,
434,fire-boltt,2298,5999,61.6936156,3.6,5,ninja 2 max,Square,Black,Rubber,Yes,22,Yes,0.1 inches,
435,fire-boltt,3299,11999,72.50604217,2.5,,wonder,Square,Black,Silicon,Yes,3.5,Yes,1.8 inches,
436,fire-boltt,1999,5999,66.67777963,3.7,,"SpO2 Full Touch 1.4 inch Smart Watch with Blood Oxygen, Fitness (Black)",Square,Black,Rubber,Yes,22,Yes,0.1 inches,
437,fire-boltt,3599,9999,64.00640064,3.7,,ring,Square,Blue,Rubber,Yes,22,Yes,0.1 inches,
438,fire-boltt,3599,9999,64.00640064,3.7,,ring,Square,Red,Rubber,Yes,22,Yes,0.1 inches,
439,fire-boltt,5998,9999,40.0140014,2.5,,tamish,Rectangle,Blue,Silicon,Yes,22,Yes,1.3 inches,
440,fire-boltt,5599,9999,44.00440044,2.5,,bsw017,Square,Blue,Silicon,Yes,22,Yes,1.3 inches,
441,fire-boltt,2899,4999,42.00840168,2.5,,bsw011,Square,Grey,Silicon,Yes,22,Yes,1.3 inches,
442,fire-boltt,3999,9999,60.0060006,3.7,6,ring,Square,White,Rubber,Yes,22,Yes,1.7 inches,
443,fire-boltt,4599,7999,42.50531316,2.5,,bsw002,Square,Black,Silicon,Yes,22,Yes,1.7 inches,
444,fire-boltt,6999,15999,56.25351584,2.6,,bsw020,Circle,Brown,Silicon,Yes,8,Yes,1.4 inches,
445,fire-boltt,5999,8999,33.33703745,2.5,,bsw003,Circle,Grey,Silicon,Yes,22,Yes,1.3 inches,
446,fire-boltt,3700,9999,62.99629963,,,beast pro,Square,Black,Silicon,Yes,8,Yes,0.1 inches,
447,fire-boltt,5999,8999,33.33703745,2.5,,bsw003,Circle,Gold,Silicon,Yes,22,Yes,1.3 inches,
448,fire-boltt,3200,7999,59.99499937,,,call 2,Square,Blue,Silicon,Yes,22,Yes,0.1 inches,
449,fire-boltt,3000,7999,62.49531191,,,call 2,Square,Black,Silicon,Yes,22,Yes,0.1 inches,
